Absolute zero,#0048BA,0,72,186,1
Acid green,#B0BF1A,176,191,26,2
Aero,#7CB9E8,124,185,232,3
Aero blue,#C9FFE5,201,255,229,4
African violet,#B284BE,178,132,190,5
Air Force blue (RAF),#5D8AA8,93,138,168,6
Air Force blue (USAF),#00308F,0,48,143,7
Air superiority blue,#72A0C1,114,160,193,8
Alabama crimson,#AF002A,175,0,42,9
Alabaster,#F2F0E6,242,240,230,10
Alice blue,#F0F8FF,240,248,255,11
Alien Armpit,#84DE02,132,222,2,12
Alizarin crimson,#E32636,227,38,54,13
Alloy orange,#C46210,196,98,16,14
Almond,#EFDECD,239,222,205,15
Amaranth,#E52B50,229,43,80,16
Amaranth deep purple,#9F2B68,159,43,104,17
Amaranth pink,#F19CBB,241,156,187,18
Amaranth purple,#AB274F,171,39,79,19
Amaranth red,#D3212D,211,33,45,20
Amazon,#3B7A57,59,122,87,21
Amazonite,#00C4B0,0,196,176,22
Amber,#FFBF00,255,191,0,23
Amber (SAE/ECE),#FF7E00,255,126,0,24
American rose,#FF033E,255,3,62,25
Amethyst,#9966CC,153,102,204,26
Android green,#A4C639,164,198,57,27
Anti-flash white,#F2F3F4,242,243,244,28
Antique brass,#CD9575,205,149,117,29
Antique bronze,#665D1E,102,93,30,30
Antique fuchsia,#915C83,145,92,131,31
Antique ruby,#841B2D,132,27,45,32
Antique white,#FAEBD7,250,235,215,33
Ao (English),#008000,0,128,0,34
Apple green,#8DB600,141,182,0,35
Apricot,#FBCEB1,251,206,177,36
Aqua,#00FFFF,0,255,255,37
Aquamarine,#7FFFD4,127,255,212,38
Arctic lime,#D0FF14,208,255,20,39
Army green,#4B5320,75,83,32,40
Arsenic,#3B444B,59,68,75,41
Artichoke,#8F9779,143,151,121,42
Arylide yellow,#E9D66B,233,214,107,43
Ash grey,#B2BEB5,178,190,181,44
Asparagus,#87A96B,135,169,107,45
Atomic tangerine,#FF9966,255,153,102,46
Auburn,#A52A2A,165,42,42,47
Aureolin,#FDEE00,253,238,0,48
AuroMetalSaurus,#6E7F80,110,127,128,49
Avocado,#568203,86,130,3,50
Awesome,#FF2052,255,32,82,51
Aztec Gold,#C39953,195,153,83,52
Azure,#007FFF,0,127,255,53
Azure (web color),#F0FFFF,240,255,255,54
Azure mist,#F0FFFF,240,255,255,55
Azureish white,#DBE9F4,219,233,244,56
Baby blue,#89CFF0,137,207,240,57
Baby blue eyes,#A1CAF1,161,202,241,58
Baby pink,#F4C2C2,244,194,194,59
Baby powder,#FEFEFA,254,254,250,60
Baker-Miller pink,#FF91AF,255,145,175,61
Ball blue,#21ABCD,33,171,205,62
Banana Mania,#FAE7B5,250,231,181,63
Banana yellow,#FFE135,255,225,53,64
Bangladesh green,#006A4E,0,106,78,65
Barbie pink,#E0218A,224,33,138,66
Barn red,#7C0A02,124,10,2,67
Battery Charged Blue,#1DACD6,29,172,214,68
Battleship grey,#848482,132,132,130,69
Bazaar,#98777B,152,119,123,70
Beau blue,#BCD4E6,188,212,230,71
Beaver,#9F8170,159,129,112,72
Begonia,#FA6E79,250,110,121,73
Beige,#F5F5DC,245,245,220,74
B'dazzled blue,#2E5894,46,88,148,75
Big dip o’ruby,#9C2542,156,37,66,76
Big Foot Feet,#E88E5A,232,142,90,77
Bisque,#FFE4C4,255,228,196,78
Bistre,#3D2B1F,61,43,31,79
Bistre brown,#967117,150,113,23,80
Bitter lemon,#CAE00D,202,224,13,81
Bitter lime,#BFFF00,191,255,0,82
Bittersweet,#FE6F5E,254,111,94,83
Bittersweet shimmer,#BF4F51,191,79,81,84
Black,#000000,0,0,0,85
Black bean,#3D0C02,61,12,2,86
Black Coral,#54626F,84,98,111,87
Black leather jacket,#253529,37,53,41,88
Black olive,#3B3C36,59,60,54,89
Black Shadows,#BFAFB2,191,175,178,90
Blanched almond,#FFEBCD,255,235,205,91
Blast-off bronze,#A57164,165,113,100,92
Bleu de France,#318CE7,49,140,231,93
Blizzard Blue,#ACE5EE,172,229,238,94
Blond,#FAF0BE,250,240,190,95
Blue,#0000FF,0,0,255,96
Blue (Crayola),#1F75FE,31,117,254,97
Blue (Munsell),#0093AF,0,147,175,98
Blue (NCS),#0087BD,0,135,189,99
Blue (Pantone),#0018A8,0,24,168,100
Blue (pigment),#333399,51,51,153,101
Blue (RYB),#0247FE,2,71,254,102
Blue Bell,#A2A2D0,162,162,208,103
Blue Bolt,#00B9FB,0,185,251,104
Blue-gray,#6699CC,102,153,204,105
Blue-green,#0D98BA,13,152,186,106
Blue Jeans,#5DADEC,93,173,236,107
Blue Lagoon,#ACE5EE,172,229,238,108
Blue-magenta violet,#553592,85,53,146,109
Blue sapphire,#126180,18,97,128,110
Blue-violet,#8A2BE2,138,43,226,111
Blue yonder,#5072A7,80,114,167,112
Blueberry,#4F86F7,79,134,247,113
Bluebonnet,#1C1CF0,28,28,240,114
Blush,#DE5D83,222,93,131,115
Bole,#79443B,121,68,59,116
Bondi blue,#0095B6,0,149,182,117
Bone,#E3DAC9,227,218,201,118
Booger Buster,#DDE26A,221,226,106,119
Boston University Red,#CC0000,204,0,0,120
Bottle green,#006A4E,0,106,78,121
Boysenberry,#873260,135,50,96,122
Brandeis blue,#0070FF,0,112,255,123
Brass,#B5A642,181,166,66,124
Brick red,#CB4154,203,65,84,125
Bright cerulean,#1DACD6,29,172,214,126
Bright green,#66FF00,102,255,0,127
Bright lavender,#BF94E4,191,148,228,128
Bright lilac,#D891EF,216,145,239,129
Bright maroon,#C32148,195,33,72,130
Bright navy blue,#1974D2,25,116,210,131
Bright pink,#FF007F,255,0,127,132
Bright turquoise,#08E8DE,8,232,222,133
Bright ube,#D19FE8,209,159,232,134
Bright Yellow (Crayola),#FFAA1D,255,170,29,135
Brilliant azure,#3399FF,51,153,255,136
Brilliant lavender,#F4BBFF,244,187,255,137
Brilliant rose,#FF55A3,255,85,163,138
Brink pink,#FB607F,251,96,127,139
British racing green,#004225,0,66,37,140
Bronze,#CD7F32,205,127,50,141
Bronze Yellow,#737000,115,112,0,142
Brown (traditional),#964B00,150,75,0,143
Brown (web),#A52A2A,165,42,42,144
Brown-nose,#6B4423,107,68,35,145
Brown Sugar,#AF6E4D,175,110,77,146
Brown Yellow,#cc9966,204,153,102,147
Brunswick green,#1B4D3E,27,77,62,148
Bubble gum,#FFC1CC,255,193,204,149
Bubbles,#E7FEFF,231,254,255,150
Bud green,#7BB661,123,182,97,151
Buff,#F0DC82,240,220,130,152
Bulgarian rose,#480607,72,6,7,153
Burgundy,#800020,128,0,32,154
Burlywood,#DEB887,222,184,135,155
Burnished Brown,#A17A74,161,122,116,156
Burnt orange,#CC5500,204,85,0,157
Burnt sienna,#E97451,233,116,81,158
Burnt umber,#8A3324,138,51,36,159
Byzantine,#BD33A4,189,51,164,160
Byzantium,#702963,112,41,99,161
Cadet,#536872,83,104,114,162
Cadet blue,#5F9EA0,95,158,160,163
Cadet grey,#91A3B0,145,163,176,164
Cadmium green,#006B3C,0,107,60,165
Cadmium orange,#ED872D,237,135,45,166
Cadmium red,#E30022,227,0,34,167
Cadmium yellow,#FFF600,255,246,0,168
Café au lait,#A67B5B,166,123,91,169
Café noir,#4B3621,75,54,33,170
Cal Poly Pomona green,#1E4D2B,30,77,43,171
Cambridge Blue,#A3C1AD,163,193,173,172
Camel,#C19A6B,193,154,107,173
Cameo pink,#EFBBCC,239,187,204,174
Camouflage green,#78866B,120,134,107,175
Canary,#FFFF99,255,255,153,176
Canary yellow,#FFEF00,255,239,0,177
Candy apple red,#FF0800,255,8,0,178
Candy pink,#E4717A,228,113,122,179
Capri,#00BFFF,0,191,255,180
Caput mortuum,#592720,89,39,32,181
Cardinal,#C41E3A,196,30,58,182
Caribbean green,#00CC99,0,204,153,183
Carmine,#960018,150,0,24,184
Carmine (M&P),#D70040,215,0,64,185
Carmine pink,#EB4C42,235,76,66,186
Carmine red,#FF0038,255,0,56,187
Carnation pink,#FFA6C9,255,166,201,188
Carnelian,#B31B1B,179,27,27,189
Carolina blue,#56A0D3,86,160,211,190
Carrot orange,#ED9121,237,145,33,191
Castleton green,#00563F,0,86,63,192
Catalina blue,#062A78,6,42,120,193
Catawba,#703642,112,54,66,194
Cedar Chest,#C95A49,201,90,73,195
Ceil,#92A1CF,146,161,207,196
Celadon,#ACE1AF,172,225,175,197
Celadon blue,#007BA7,0,123,167,198
Celadon green,#2F847C,47,132,124,199
Celeste,#B2FFFF,178,255,255,200
Celestial blue,#4997D0,73,151,208,201
Cerise,#DE3163,222,49,99,202
Cerise pink,#EC3B83,236,59,131,203
Cerulean,#007BA7,0,123,167,204
Cerulean blue,#2A52BE,42,82,190,205
Cerulean frost,#6D9BC3,109,155,195,206
CG Blue,#007AA5,0,122,165,207
CG Red,#E03C31,224,60,49,208
Chamoisee,#A0785A,160,120,90,209
Champagne,#F7E7CE,247,231,206,210
Champagne pink,#F1DDCF,241,221,207,211
Charcoal,#36454F,54,69,79,212
Charleston green,#232B2B,35,43,43,213
Charm pink,#E68FAC,230,143,172,214
Chartreuse (traditional),#DFFF00,223,255,0,215
Chartreuse (web),#7FFF00,127,255,0,216
Cherry,#DE3163,222,49,99,217
Cherry blossom pink,#FFB7C5,255,183,197,218
Chestnut,#954535,149,69,53,219
China pink,#DE6FA1,222,111,161,220
China rose,#A8516E,168,81,110,221
Chinese red,#AA381E,170,56,30,222
Chinese violet,#856088,133,96,136,223
Chlorophyll green,#4AFF00,74,255,0,224
Chocolate (traditional),#7B3F00,123,63,0,225
Chocolate (web),#D2691E,210,105,30,226
Chrome yellow,#FFA700,255,167,0,227
Cinereous,#98817B,152,129,123,228
Cinnabar,#E34234,227,66,52,229
Cinnamon[citation needed],#D2691E,210,105,30,230
Cinnamon Satin,#CD607E,205,96,126,231
Citrine,#E4D00A,228,208,10,232
Citron,#9FA91F,158,169,31,233
Claret,#7F1734,127,23,52,234
Classic rose,#FBCCE7,251,204,231,235
Cobalt Blue,#0047AB,0,71,171,236
Cocoa brown,#D2691E,210,105,30,237
Coconut,#965A3E,150,90,62,238
Coffee,#6F4E37,111,78,55,239
Columbia Blue,#C4D8E2,196,216,226,240
Congo pink,#F88379,248,131,121,241
Cool Black,#002E63,0,46,99,242
Cool grey,#8C92AC,140,146,172,243
Copper,#B87333,184,115,51,244
Copper (Crayola),#DA8A67,218,138,103,245
Copper penny,#AD6F69,173,111,105,246
Copper red,#CB6D51,203,109,81,247
Copper rose,#996666,153,102,102,248
Coquelicot,#FF3800,255,56,0,249
Coral,#FF7F50,255,127,80,250
Coral pink,#F88379,248,131,121,251
Coral red,#FF4040,255,64,64,252
Coral Reef,#FD7C6E,253,124,110,253
Cordovan,#893F45,137,63,69,254
Corn,#FBEC5D,251,236,93,255
Cornell Red,#B31B1B,179,27,27,256
Cornflower blue,#6495ED,100,149,237,257
Cornsilk,#FFF8DC,255,248,220,258
Cosmic Cobalt,#2E2D88,46,45,136,259
Cosmic latte,#FFF8E7,255,248,231,260
Coyote brown,#81613C,129,97,60,261
Cotton candy,#FFBCD9,255,188,217,262
Cream,#FFFDD0,255,253,208,263
Crimson,#DC143C,220,20,60,264
Crimson glory,#BE0032,190,0,50,265
Crimson red,#990000,153,0,0,266
Cultured,#F5F5F5,245,245,245,267
Cyan,#00FFFF,0,255,255,268
Cyan azure,#4E82B4,78,130,180,269
Cyan-blue azure,#4682BF,70,130,191,270
Cyan cobalt blue,#28589C,40,88,156,271
Cyan cornflower blue,#188BC2,24,139,194,272
Cyan (process),#00B7EB,0,183,235,273
Cyber grape,#58427C,88,66,124,274
Cyber yellow,#FFD300,255,211,0,275
Cyclamen,#F56FA1,245,111,161,276
Daffodil,#FFFF31,255,255,49,277
Dandelion,#F0E130,240,225,48,278
Dark blue,#00008B,0,0,139,279
Dark blue-gray,#666699,102,102,153,280
Dark brown,#654321,101,67,33,281
Dark brown-tangelo,#88654E,136,101,78,282
Dark byzantium,#5D3954,93,57,84,283
Dark candy apple red,#A40000,164,0,0,284
Dark cerulean,#08457E,8,69,126,285
Dark chestnut,#986960,152,105,96,286
Dark coral,#CD5B45,205,91,69,287
Dark cyan,#008B8B,0,139,139,288
Dark electric blue,#536878,83,104,120,289
Dark goldenrod,#B8860B,184,134,11,290
Dark gray (X11),#A9A9A9,169,169,169,291
Dark green,#013220,1,50,32,292
Dark green (X11),#006400,0,100,0,293
Dark gunmetal,#1F262A,31,38,42,294
Dark imperial blue,#00416A,0,65,106,295
Dark imperial blue,#00147E,0,20,126,296
Dark jungle green,#1A2421,26,36,33,297
Dark khaki,#BDB76B,189,183,107,298
Dark lava,#483C32,72,60,50,299
Dark lavender,#734F96,115,79,150,300
Dark liver,#534B4F,83,75,79,301
Dark liver (horses),#543D37,84,61,55,302
Dark magenta,#8B008B,139,0,139,303
Dark medium gray,#A9A9A9,169,169,169,304
Dark midnight blue,#003366,0,51,102,305
Dark moss green,#4A5D23,74,93,35,306
Dark olive green,#556B2F,85,107,47,307
Dark orange,#FF8C00,255,140,0,308
Dark orchid,#9932CC,153,50,204,309
Dark pastel blue,#779ECB,119,158,203,310
Dark pastel green,#03C03C,3,192,60,311
Dark pastel purple,#966FD6,150,111,214,312
Dark pastel red,#C23B22,194,59,34,313
Dark pink,#E75480,231,84,128,314
Dark powder blue,#003399,0,51,153,315
Dark puce,#4F3A3C,79,58,60,316
Dark purple,#301934,48,25,52,317
Dark raspberry,#872657,135,38,87,318
Dark red,#8B0000,139,0,0,319
Dark salmon,#E9967A,233,150,122,320
Dark scarlet,#560319,86,3,25,321
Dark sea green,#8FBC8F,143,188,143,322
Dark sienna,#3C1414,60,20,20,323
Dark sky blue,#8CBED6,140,190,214,324
Dark slate blue,#483D8B,72,61,139,325
Dark slate gray,#2F4F4F,47,79,79,326
Dark spring green,#177245,23,114,69,327
Dark tan,#918151,145,129,81,328
Dark tangerine,#FFA812,255,168,18,329
Dark taupe,#483C32,72,60,50,330
Dark terra cotta,#CC4E5C,204,78,92,331
Dark turquoise,#00CED1,0,206,209,332
Dark vanilla,#D1BEA8,209,190,168,333
Dark violet,#9400D3,148,0,211,334
Dark yellow,#9B870C,155,135,12,335
Dartmouth green,#00703C,0,112,60,336
Davy's grey,#555555,85,85,85,337
Debian red,#D70A53,215,10,83,338
Deep aquamarine,#40826D,64,130,109,339
Deep carmine,#A9203E,169,32,62,340
Deep carmine pink,#EF3038,239,48,56,341
Deep carrot orange,#E9692C,233,105,44,342
Deep cerise,#DA3287,218,50,135,343
Deep champagne,#FAD6A5,250,214,165,344
Deep chestnut,#B94E48,185,78,72,345
Deep coffee,#704241,112,66,65,346
Deep fuchsia,#C154C1,193,84,193,347
Deep Green,#056608,5,102,8,348
Deep green-cyan turquoise,#0E7C61,14,124,97,349
Deep jungle green,#004B49,0,75,73,350
Deep koamaru,#333366,51,51,102,351
Deep lemon,#F5C71A,245,199,26,352
Deep lilac,#9955BB,153,85,187,353
Deep magenta,#CC00CC,204,0,204,354
Deep maroon,#820000,130,0,0,355
Deep mauve,#D473D4,212,115,212,356
Deep moss green,#355E3B,53,94,59,357
Deep peach,#FFCBA4,255,203,164,358
Deep pink,#FF1493,255,20,147,359
Deep puce,#A95C68,169,92,104,360
Deep Red,#850101,133,1,1,361
Deep ruby,#843F5B,132,63,91,362
Deep saffron,#FF9933,255,153,51,363
Deep sky blue,#00BFFF,0,191,255,364
Deep Space Sparkle,#4A646C,74,100,108,365
Deep spring bud,#556B2F,85,107,47,366
Deep Taupe,#7E5E60,126,94,96,367
Deep Tuscan red,#66424D,102,66,77,368
Deep violet,#330066,51,0,102,369
Deer,#BA8759,186,135,89,370
Denim,#1560BD,21,96,189,371
Denim Blue,#2243B6,34,67,182,372
Desaturated cyan,#669999,102,153,153,373
Desert,#C19A6B,193,154,107,374
Desert sand,#EDC9AF,237,201,175,375
Desire,#EA3C53,234,60,83,376
Diamond,#B9F2FF,185,242,255,377
Dim gray,#696969,105,105,105,378
Dingy Dungeon,#C53151,197,49,81,379
Dirt,#9B7653,155,118,83,380
Dodger blue,#1E90FF,30,144,255,381
Dogwood rose,#D71868,215,24,104,382
Dollar bill,#85BB65,133,187,101,383
Dolphin Gray,#828E84,130,142,132,384
Donkey brown,#664C28,102,76,40,385
Drab,#967117,150,113,23,386
Duke blue,#00009C,0,0,156,387
Dust storm,#E5CCC9,229,204,201,388
Dutch white,#EFDFBB,239,223,187,389
Earth yellow,#E1A95F,225,169,95,390
Ebony,#555D50,85,93,80,391
Ecru,#C2B280,194,178,128,392
Eerie black,#1B1B1B,27,27,27,393
Eggplant,#614051,97,64,81,394
Eggshell,#F0EAD6,240,234,214,395
Egyptian blue,#1034A6,16,52,166,396
Electric blue,#7DF9FF,125,249,255,397
Electric crimson,#FF003F,255,0,63,398
Electric cyan,#00FFFF,0,255,255,399
Electric green,#00FF00,0,255,0,400
Electric indigo,#6F00FF,111,0,255,401
Electric lavender,#F4BBFF,244,187,255,402
Electric lime,#CCFF00,204,255,0,403
Electric purple,#BF00FF,191,0,255,404
Electric ultramarine,#3F00FF,63,0,255,405
Electric violet,#8F00FF,143,0,255,406
Electric yellow,#FFFF33,255,255,51,407
Emerald,#50C878,80,200,120,408
Eminence,#6C3082,108,48,130,409
English green,#1B4D3E,27,77,62,410
English lavender,#B48395,180,131,149,411
English red,#AB4B52,171,75,82,412
English vermillion,#CC474B,204,71,75,413
English violet,#563C5C,86,60,92,414
Eton blue,#96C8A2,150,200,162,415
Eucalyptus,#44D7A8,68,215,168,416
Fallow,#C19A6B,193,154,107,417
Falu red,#801818,128,24,24,418
Fandango,#B53389,181,51,137,419
Fandango pink,#DE5285,222,82,133,420
Fashion fuchsia,#F400A1,244,0,161,421
Fawn,#E5AA70,229,170,112,422
Feldgrau,#4D5D53,77,93,83,423
Feldspar,#FDD5B1,253,213,177,424
Fern green,#4F7942,79,121,66,425
Ferrari Red,#FF2800,255,40,0,426
Field drab,#6C541E,108,84,30,427
Fiery Rose,#FF5470,255,84,112,428
Firebrick,#B22222,178,34,34,429
Fire engine red,#CE2029,206,32,41,430
Flame,#E25822,226,88,34,431
Flamingo pink,#FC8EAC,252,142,172,432
Flattery,#6B4423,107,68,35,433
Flavescent,#F7E98E,247,233,142,434
Flax,#EEDC82,238,220,130,435
Flirt,#A2006D,162,0,109,436
Floral white,#FFFAF0,255,250,240,437
Fluorescent orange,#FFBF00,255,191,0,438
Fluorescent pink,#FF1493,255,20,147,439
Fluorescent yellow,#CCFF00,204,255,0,440
Folly,#FF004F,255,0,79,441
Forest green (traditional),#014421,1,68,33,442
Forest green (web),#228B22,34,139,34,443
French beige,#A67B5B,166,123,91,444
French bistre,#856D4D,133,109,77,445
French blue,#0072BB,0,114,187,446
French fuchsia,#FD3F92,253,63,146,447
French lilac,#86608E,134,96,142,448
French lime,#9EFD38,158,253,56,449
French mauve,#D473D4,212,115,212,450
French pink,#FD6C9E,253,108,158,451
French plum,#811453,129,20,83,452
French puce,#4E1609,78,22,9,453
French raspberry,#C72C48,199,44,72,454
French rose,#F64A8A,246,74,138,455
French sky blue,#77B5FE,119,181,254,456
French violet,#8806CE,136,6,206,457
French wine,#AC1E44,172,30,68,458
Fresh Air,#A6E7FF,166,231,255,459
Frostbite,#E936A7,233,54,167,460
Fuchsia,#FF00FF,255,0,255,461
Fuchsia (Crayola),#C154C1,193,84,193,462
Fuchsia pink,#FF77FF,255,119,255,463
Fuchsia purple,#CC397B,204,57,123,464
Fuchsia rose,#C74375,199,67,117,465
Fulvous,#E48400,228,132,0,466
Fuzzy Wuzzy,#CC6666,204,102,102,467
Gainsboro,#DCDCDC,220,220,220,468
Gamboge,#E49B0F,228,155,15,469
Gamboge orange (brown),#996600,152,102,0,470
Gargoyle Gas,#FFDF46,255,223,70,471
Generic viridian,#007F66,0,127,102,472
Ghost white,#F8F8FF,248,248,255,473
Giant's Club,#B05C52,176,92,82,474
Giants orange,#FE5A1D,254,90,29,475
Ginger,#B06500,176,101,0,476
Glaucous,#6082B6,96,130,182,477
Glitter,#E6E8FA,230,232,250,478
Glossy Grape,#AB92B3,171,146,179,479
GO green,#00AB66,0,171,102,480
Gold (metallic),#D4AF37,212,175,55,481
Gold (web) (Golden),#FFD700,255,215,0,482
Gold Fusion,#85754E,133,117,78,483
Golden brown,#996515,153,101,21,484
Golden poppy,#FCC200,252,194,0,485
Golden yellow,#FFDF00,255,223,0,486
Goldenrod,#DAA520,218,165,32,487
Granite Gray,#676767,103,103,103,488
Granny Smith Apple,#A8E4A0,168,228,160,489
Grape,#6F2DA8,111,45,168,490
Gray,#808080,128,128,128,491
Gray (HTML/CSS gray),#808080,128,128,128,492
Gray (X11 gray),#BEBEBE,190,190,190,493
Gray-asparagus,#465945,70,89,69,494
Gray-blue,#8C92AC,140,146,172,495
Green (Color Wheel) (X11 green),#00FF00,0,255,0,496
Green (Crayola),#1CAC78,28,172,120,497
Green (HTML/CSS color),#008000,0,128,0,498
Green (Munsell),#00A877,0,168,119,499
Green (NCS),#009F6B,0,159,107,500
Green (Pantone),#00AD43,0,173,67,501
Green (pigment),#00A550,0,165,80,502
Green (RYB),#66B032,102,176,50,503
Green-blue,#1164B4,17,100,180,504
Green-cyan,#009966,0,153,102,505
Green Lizard,#A7F432,167,244,50,506
Green Sheen,#6EAEA1,110,174,161,507
Green-yellow,#ADFF2F,173,255,47,508
Grizzly,#885818,136,88,24,509
Grullo,#A99A86,169,154,134,510
Guppie green,#00FF7F,0,255,127,511
Gunmetal,#2a3439,42,52,57,512
Halayà úbe,#663854,102,55,84,513
Han blue,#446CCF,68,108,207,514
Han purple,#5218FA,82,24,250,515
Hansa yellow,#E9D66B,233,214,107,516
Harlequin,#3FFF00,63,255,0,517
Harlequin green,#46CB18,70,203,24,518
Harvard crimson,#C90016,201,0,22,519
Harvest gold,#DA9100,218,145,0,520
Heart Gold,#808000,128,128,0,521
Heat Wave,#FF7A00,255,122,0,522
Heidelberg Red[2],#960018,150,0,24,523
Heliotrope,#DF73FF,223,115,255,524
Heliotrope gray,#AA98A9,170,152,168,525
Heliotrope magenta,#AA00BB,170,0,187,526
Hollywood cerise,#F400A1,244,0,161,527
Honeydew,#F0FFF0,240,255,240,528
Honolulu blue,#006DB0,0,109,176,529
Hooker's green,#49796B,73,121,107,530
Hot magenta,#FF1DCE,255,29,206,531
Hot pink,#FF69B4,255,105,180,532
Hunter green,#355E3B,53,94,59,533
Iceberg,#71A6D2,113,166,210,534
Icterine,#FCF75E,252,247,94,535
Iguana Green,#71BC78,113,188,120,536
Illuminating Emerald,#319177,49,145,119,537
Imperial,#602F6B,96,47,107,538
Imperial blue,#002395,0,35,149,539
Imperial purple,#66023C,102,2,60,540
Imperial red,#ED2939,237,41,57,541
Inchworm,#B2EC5D,178,236,93,542
Independence,#4C516D,76,81,109,543
India green,#138808,19,136,8,544
Indian red,#CD5C5C,205,92,92,545
Indian yellow,#E3A857,227,168,87,546
Indigo,#4B0082,75,0,130,547
Indigo dye,#091F92,9,31,146,548
Indigo (web),#4B0082,75,0,130,549
Infra Red,#FF496C,255,73,108,550
Interdimensional Blue,#360CCC,54,12,204,551
International Klein Blue,#002FA7,0,47,167,552
International orange (aerospace),#FF4F00,255,79,0,553
International orange (engineering),#BA160C,186,22,12,554
International orange (Golden Gate Bridge),#C0362C,192,54,44,555
Iris,#5A4FCF,90,79,207,556
Irresistible,#B3446C,179,68,108,557
Isabelline,#F4F0EC,244,240,236,558
Islamic green,#009000,0,144,0,559
Italian sky blue,#B2FFFF,178,255,255,560
Ivory,#FFFFF0,255,255,240,561
Jade,#00A86B,0,168,107,562
Japanese carmine,#9D2933,157,41,51,563
Japanese indigo,#264348,38,67,72,564
Japanese violet,#5B3256,91,50,86,565
Jasmine,#F8DE7E,248,222,126,566
Jasper,#D73B3E,215,59,62,567
Jazzberry jam,#A50B5E,165,11,94,568
Jelly Bean,#DA614E,218,97,78,569
Jet,#343434,52,52,52,570
Jonquil,#F4CA16,244,202,22,571
Jordy blue,#8AB9F1,138,185,241,572
June bud,#BDDA57,189,218,87,573
Jungle green,#29AB87,41,171,135,574
Kelly green,#4CBB17,76,187,23,575
Kenyan copper,#7C1C05,124,28,5,576
Keppel,#3AB09E,58,176,158,577
Key Lime,#E8F48C,232,244,140,578
Khaki (HTML/CSS) (Khaki),#C3B091,195,176,145,579
Khaki (X11) (Light khaki),#F0E68C,240,230,140,580
Kiwi,#8EE53F,142,229,63,581
Kobe,#882D17,136,45,23,582
Kobi,#E79FC4,231,159,196,583
Kobicha,#6B4423,107,68,35,584
Kombu green,#354230,53,66,48,585
KSU Purple,#512888,79,38,131,586
KU Crimson,#E8000D,232,0,13,587
La Salle Green,#087830,8,120,48,588
Languid lavender,#D6CADD,214,202,221,589
Lapis lazuli,#26619C,38,97,156,590
Laser Lemon,#FFFF66,255,255,102,591
Laurel green,#A9BA9D,169,186,157,592
Lava,#CF1020,207,16,32,593
Lavender (floral),#B57EDC,181,126,220,594
Lavender (web),#E6E6FA,230,230,250,595
Lavender blue,#CCCCFF,204,204,255,596
Lavender blush,#FFF0F5,255,240,245,597
Lavender gray,#C4C3D0,196,195,208,598
Lavender indigo,#9457EB,148,87,235,599
Lavender magenta,#EE82EE,238,130,238,600
Lavender mist,#E6E6FA,230,230,250,601
Lavender pink,#FBAED2,251,174,210,602
Lavender purple,#967BB6,150,123,182,603
Lavender rose,#FBA0E3,251,160,227,604
Lawn green,#7CFC00,124,252,0,605
Lemon,#FFF700,255,247,0,606
Lemon chiffon,#FFFACD,255,250,205,607
Lemon curry,#CCA01D,204,160,29,608
Lemon glacier,#FDFF00,253,255,0,609
Lemon lime,#E3FF00,227,255,0,610
Lemon meringue,#F6EABE,246,234,190,611
Lemon yellow,#FFF44F,255,244,79,612
Licorice,#1A1110,26,17,16,613
Liberty,#545AA7,84,90,167,614
Light apricot,#FDD5B1,253,213,177,615
Light blue,#ADD8E6,173,216,230,616
Light brown,#B5651D,181,101,29,617
Light carmine pink,#E66771,230,103,113,618
Light cobalt blue,#88ACE0,136,172,224,619
Light coral,#F08080,240,128,128,620
Light cornflower blue,#93CCEA,147,204,234,621
Light crimson,#F56991,245,105,145,622
Light cyan,#E0FFFF,224,255,255,623
Light deep pink,#FF5CCD,255,92,205,624
Light French beige,#C8AD7F,200,173,127,625
Light fuchsia pink,#F984EF,249,132,239,626
Light goldenrod yellow,#FAFAD2,250,250,210,627
Light gray,#D3D3D3,211,211,211,628
Light grayish magenta,#CC99CC,204,153,204,629
Light green,#90EE90,144,238,144,630
Light hot pink,#FFB3DE,255,179,222,631
Light khaki,#F0E68C,240,230,140,632
Light medium orchid,#D39BCB,211,155,203,633
Light moss green,#ADDFAD,173,223,173,634
Light orchid,#E6A8D7,230,168,215,635
Light pastel purple,#B19CD9,177,156,217,636
Light pink,#FFB6C1,255,182,193,637
Light red ochre,#E97451,233,116,81,638
Light salmon,#FFA07A,255,160,122,639
Light salmon pink,#FF9999,255,153,153,640
Light sea green,#20B2AA,32,178,170,641
Light sky blue,#87CEFA,135,206,250,642
Light slate gray,#778899,119,136,153,643
Light steel blue,#B0C4DE,176,196,222,644
Light taupe,#B38B6D,179,139,109,645
Light Thulian pink,#E68FAC,230,143,172,646
Light yellow,#FFFFE0,255,255,224,647
Lilac,#C8A2C8,200,162,200,648
Lilac Luster,#AE98AA,174,152,170,649
Lime (color wheel),#BFFF00,191,255,0,650
Lime (web) (X11 green),#00FF00,0,255,0,651
Lime green,#32CD32,50,205,50,652
Limerick,#9DC209,157,194,9,653
Lincoln green,#195905,25,89,5,654
Linen,#FAF0E6,250,240,230,655
Loeen(lopen)look/vomit+indogo+Lopen+Gabriel,#15F2FD,123,154,200,656
Liseran Purple,#DE6FA1,222,111,161,657
Little boy blue,#6CA0DC,108,160,220,658
Liver,#674C47,103,76,71,659
Liver (dogs),#B86D29,184,109,41,660
Liver (organ),#6C2E1F,108,46,31,661
Liver chestnut,#987456,152,116,86,662
Livid,#6699CC,102,153,204,663
Lumber,#FFE4CD,255,228,205,664
Lust,#E62020,230,32,32,665
Maastricht Blue,#001C3D,0,28,61,666
Macaroni and Cheese,#FFBD88,255,189,136,667
Madder Lake,#CC3336,204,51,54,668
Magenta,#FF00FF,255,0,255,669
Magenta (Crayola),#FF55A3,255,85,163,670
Magenta (dye),#CA1F7B,202,31,123,671
Magenta (Pantone),#D0417E,208,65,126,672
Magenta (process),#FF0090,255,0,144,673
Magenta haze,#9F4576,159,69,118,674
Magenta-pink,#CC338B,204,51,139,675
Magic mint,#AAF0D1,170,240,209,676
Magic Potion,#FF4466,255,68,102,677
Magnolia,#F8F4FF,248,244,255,678
Mahogany,#C04000,192,64,0,679
Maize,#FBEC5D,251,236,93,680
Majorelle Blue,#6050DC,96,80,220,681
Malachite,#0BDA51,11,218,81,682
Manatee,#979AAA,151,154,170,683
Mandarin,#F37A48,243,122,72,684
Mango Tango,#FF8243,255,130,67,685
Mantis,#74C365,116,195,101,686
Mardi Gras,#880085,136,0,133,687
Marigold,#EAA221,234,162,33,688
Maroon (Crayola),#C32148,195,33,72,689
Maroon (HTML/CSS),#800000,128,0,0,690
Maroon (X11),#B03060,176,48,96,691
Mauve,#E0B0FF,224,176,255,692
Mauve taupe,#915F6D,145,95,109,693
Mauvelous,#EF98AA,239,152,170,694
Maximum Blue,#47ABCC,71,171,204,695
Maximum Blue Green,#30BFBF,48,191,191,696
Maximum Blue Purple,#ACACE6,172,172,230,697
Maximum Green,#5E8C31,94,140,49,698
Maximum Green Yellow,#D9E650,217,230,80,699
Maximum Purple,#733380,115,51,128,700
Maximum Red,#D92121,217,33,33,701
Maximum Red Purple,#A63A79,166,58,121,702
Maximum Yellow,#FAFA37,250,250,55,703
Maximum Yellow Red,#F2BA49,242,186,73,704
May green,#4C9141,76,145,65,705
Maya blue,#73C2FB,115,194,251,706
Meat brown,#E5B73B,229,183,59,707
Medium aquamarine,#66DDAA,102,221,170,708
Medium blue,#0000CD,0,0,205,709
Medium candy apple red,#E2062C,226,6,44,710
Medium carmine,#AF4035,175,64,53,711
Medium champagne,#F3E5AB,243,229,171,712
Medium electric blue,#035096,3,80,150,713
Medium jungle green,#1C352D,28,53,45,714
Medium lavender magenta,#DDA0DD,221,160,221,715
Medium orchid,#BA55D3,186,85,211,716
Medium Persian blue,#0067A5,0,103,165,717
Medium purple,#9370DB,147,112,219,718
Medium red-violet,#BB3385,187,51,133,719
Medium ruby,#AA4069,170,64,105,720
Medium sea green,#3CB371,60,179,113,721
Medium sky blue,#80DAEB,128,218,235,722
Medium slate blue,#7B68EE,123,104,238,723
Medium spring bud,#C9DC87,201,220,135,724
Medium spring green,#00FA9A,0,250,154,725
Medium taupe,#674C47,103,76,71,726
Medium turquoise,#48D1CC,72,209,204,727
Medium Tuscan red,#79443B,121,68,59,728
Medium vermilion,#D9603B,217,96,59,729
Medium violet-red,#C71585,199,21,133,730
Mellow apricot,#F8B878,248,184,120,731
Mellow yellow,#F8DE7E,248,222,126,732
Melon,#FDBCB4,253,188,180,733
Metallic Seaweed,#0A7E8C,10,126,140,734
Metallic Sunburst,#9C7C38,156,124,56,735
Mexican pink,#E4007C,228,0,124,736
Middle Blue,#7ED4E6,126,212,230,737
Middle Blue Green,#8DD9CC,141,217,204,738
Middle Blue Purple,#8B72BE,139,114,190,739
Middle Red Purple,#210837,33,8,55,740
Middle Green,#4D8C57,77,140,87,741
Middle Green Yellow,#ACBF60,172,191,96,742
Middle Purple,#D982B5,217,130,181,743
Middle Red,#E58E73,229,144,115,744
Blue-Marsh Green,#A55353,0,83,83,745
Middle Yellow,#FFEB00,255,235,0,746
Middle Yellow Red,#ECB176,166,58,121,747
Midnight,#702670,112,38,112,748
Midnight blue,#191970,25,25,112,749
Midnight green (eagle green),#004953,0,73,83,750
Mikado yellow,#FFC40C,255,196,12,751
Milk,#FDFFF5,253,255,245,752
Mimi Pink,#FFDAE9,255,218,233,753
Mindaro,#E3F988,227,249,136,754
Ming,#36747D,54,116,125,755
Minion Yellow,#F5E050,245,220,80,756
Mint,#3EB489,62,180,137,757
Mint cream,#F5FFFA,245,255,250,758
Mint green,#98FF98,152,255,152,759
Misty Moss,#BBB477,187,180,119,760
Misty rose,#FFE4E1,255,228,225,761
Moccasin,#FAEBD7,250,235,215,762
Mode beige,#967117,150,113,23,763
Moonstone blue,#73A9C2,115,169,194,764
Mordant red 19,#AE0C00,174,12,0,765
Moss green,#8A9A5B,138,154,91,766
Mountain Meadow,#30BA8F,48,186,143,767
Mountbatten pink,#997A8D,153,122,141,768
MSU Green,#18453B,24,69,59,769
Mughal green,#306030,48,96,48,770
Mulberry,#C54B8C,197,75,140,771
Mummy's Tomb,#828E84,130,142,132,772
Mustard,#FFDB58,255,219,88,773
Myrtle green,#317873,49,120,115,774
Mystic,#D65282,214,82,130,775
Mystic Maroon,#AD4379,173,67,121,776
Nadeshiko pink,#F6ADC6,246,173,198,777
Napier green,#2A8000,42,128,0,778
Naples yellow,#FADA5E,250,218,94,779
Navajo white,#FFDEAD,255,222,173,780
Navy,#000080,0,0,128,781
Navy purple,#9457EB,148,87,235,782
Neon Carrot,#FFA343,255,163,67,783
Neon fuchsia,#FE4164,254,65,100,784
Neon green,#39FF14,57,255,20,785
New Car,#214FC6,33,79,198,786
New York pink,#D7837F,215,131,127,787
Nickel,#727472,114,116,114,788
Non-photo blue,#A4DDED,164,221,237,789
North Texas Green,#059033,5,144,51,790
Nyanza,#E9FFDB,233,255,219,791
Ocean Blue,#4F42B5,79,66,181,792
Ocean Boat Blue,#0077BE,0,119,190,793
Ocean Green,#48BF91,72,191,145,794
Ochre,#CC7722,204,119,34,795
Office green,#008000,0,128,0,796
Ogre Odor,#FD5240,253,82,64,797
Old burgundy,#43302E,67,48,46,798
Old gold,#CFB53B,207,181,59,799
Old heliotrope,#563C5C,86,60,92,800
Old lace,#FDF5E6,253,245,230,801
Old lavender,#796878,121,104,120,802
Old mauve,#673147,103,49,71,803
Old moss green,#867E36,134,126,54,804
Old rose,#C08081,192,128,129,805
Old silver,#848482,132,132,130,806
Olive,#808000,128,128,0,807
Olive Drab (#3),#6B8E23,107,142,35,808
Olive Drab #7,#3C341F,60,52,31,809
Olivine,#9AB973,154,185,115,810
Onyx,#353839,53,56,57,811
Opera mauve,#B784A7,183,132,167,812
Orange (color wheel),#FF7F00,255,127,0,813
Orange (Crayola),#FF7538,255,117,56,814
Orange (Pantone),#FF5800,255,88,0,815
Orange (RYB),#FB9902,251,153,2,816
Orange (web),#FFA500,255,165,0,817
Orange peel,#FF9F00,255,159,0,818
Orange-red,#FF4500,255,69,0,819
Orange Soda,#FA5B3D,250,91,61,820
Orange-yellow,#F8D568,248,213,104,821
Orchid,#DA70D6,218,112,214,822
Orchid pink,#F2BDCD,242,189,205,823
Orioles orange,#FB4F14,251,79,20,824
Otter brown,#654321,101,67,33,825
Outer Space,#414A4C,65,74,76,826
Outrageous Orange,#FF6E4A,255,110,74,827
Oxford Blue,#002147,0,33,71,828
OU Crimson Red,#990000,153,0,0,829
Pacific Blue,#1CA9C9,28,169,201,830
Pakistan green,#006600,0,102,0,831
Palatinate blue,#273BE2,39,59,226,832
Palatinate purple,#682860,104,40,96,833
Pale aqua,#BCD4E6,188,212,230,834
Pale blue,#AFEEEE,175,238,238,835
Pale brown,#987654,152,118,84,836
Pale carmine,#AF4035,175,64,53,837
Pale cerulean,#9BC4E2,155,196,226,838
Pale chestnut,#DDADAF,221,173,175,839
Pale copper,#DA8A67,218,138,103,840
Pale cornflower blue,#ABCDEF,171,205,239,841
Pale cyan,#87D3F8,135,211,248,842
Pale gold,#E6BE8A,230,190,138,843
Pale goldenrod,#EEE8AA,238,232,170,844
Pale green,#98FB98,152,251,152,845
Pale lavender,#DCD0FF,220,208,255,846
Pale magenta,#F984E5,249,132,229,847
Pale magenta-pink,#FF99CC,255,153,204,848
Pale pink,#FADADD,250,218,221,849
Pale plum,#DDA0DD,221,160,221,850
Pale red-violet,#DB7093,219,112,147,851
Pale robin egg blue,#96DED1,150,222,209,852
Pale silver,#C9C0BB,201,192,187,853
Pale spring bud,#ECEBBD,236,235,189,854
Pale taupe,#BC987E,188,152,126,855
Pale turquoise,#AFEEEE,175,238,238,856
Pale violet,#CC99FF,204,153,255,857
Pale violet-red,#DB7093,219,112,147,858
Palm Leaf,#6F9940,130,142,132,859
Pansy purple,#78184A,120,24,74,860
Paolo Veronese green,#009B7D,0,155,125,861
Papaya whip,#FFEFD5,255,239,213,862
Paradise pink,#E63E62,230,62,98,863
Paris Green,#50C878,80,200,120,864
Parrot Pink,#D998A0,217,152,160,865
Pastel blue,#AEC6CF,174,198,207,866
Pastel brown,#836953,130,105,83,867
Pastel gray,#CFCFC4,207,207,196,868
Pastel green,#77DD77,119,221,119,869
Pastel magenta,#F49AC2,244,154,194,870
Pastel orange,#FFB347,255,179,71,871
Pastel pink,#DEA5A4,222,165,164,872
Pastel purple,#B39EB5,179,158,181,873
Pastel red,#FF6961,255,105,97,874
Pastel violet,#CB99C9,203,153,201,875
Pastel yellow,#FDFD96,253,253,150,876
Patriarch,#800080,128,0,128,877
Payne's grey,#536878,83,104,120,878
Peach,#FFE5B4,255,229,180,879
Peach,#FFCBA4,255,203,164,880
Peach-orange,#FFCC99,255,204,153,881
Peach puff,#FFDAB9,255,218,185,882
Peach-yellow,#FADFAD,250,223,173,883
Pear,#D1E231,209,226,49,884
Pearl,#EAE0C8,234,224,200,885
Pearl Aqua,#88D8C0,136,216,192,886
Pearly purple,#B768A2,183,104,162,887
Peridot,#E6E200,230,226,0,888
Periwinkle,#CCCCFF,204,204,255,889
Permanent Geranium Lake,#E12C2C,225,44,44,890
Persian blue,#1C39BB,28,57,187,891
Persian green,#00A693,0,166,147,892
Persian indigo,#32127A,50,18,122,893
Persian orange,#D99058,217,144,88,894
Persian pink,#F77FBE,247,127,190,895
Persian plum,#701C1C,112,28,28,896
Persian red,#CC3333,204,51,51,897
Persian rose,#FE28A2,254,40,162,898
Persimmon,#EC5800,236,88,0,899
Peru,#CD853F,205,133,63,900
Pewter Blue,#8BA8B7,139,168,183,901
Phlox,#DF00FF,223,0,255,902
Phthalo blue,#000F89,0,15,137,903
Phthalo green,#123524,18,53,36,904
Picton blue,#45B1E8,69,177,232,905
Pictorial carmine,#C30B4E,195,11,78,906
Piggy pink,#FDDDE6,253,221,230,907
Pine green,#01796F,1,121,111,908
Pineapple,#563C5C,86,60,13,909
Pink,#FFC0CB,255,192,203,910
Pink (Pantone),#D74894,215,72,148,911
Pink Flamingo,#FC74FD,252,116,253,912
Pink lace,#FFDDF4,255,221,244,913
Pink lavender,#D8B2D1,216,178,209,914
Pink-orange,#FF9966,255,153,102,915
Pink pearl,#E7ACCF,231,172,207,916
Pink raspberry,#980036,152,0,54,917
Pink Sherbet,#F78FA7,247,143,167,918
Pistachio,#93C572,147,197,114,919
Pixie Powder,#391285,57,18,133,920
Platinum,#E5E4E2,229,228,226,921
Plum,#8E4585,142,69,133,922
Plum (web),#DDA0DD,221,160,221,923
Plump Purple,#5946B2,89,70,178,924
Polished Pine,#5DA493,93,164,147,925
Pomp and Power,#86608E,134,96,142,926
Popstar,#BE4F62,190,79,98,927
Portland Orange,#FF5A36,255,90,54,928
Powder blue,#B0E0E6,176,224,230,929
Princess Perfume,#FF85CF,255,133,207,930
Princeton orange,#F58025,245,128,37,931
Prune,#701C1C,112,28,28,932
Prussian blue,#003153,0,49,83,933
Psychedelic purple,#DF00FF,223,0,255,934
Puce,#CC8899,204,136,153,935
Puce red,#722F37,114,47,55,936
Pullman Brown (UPS Brown),#644117,100,65,23,937
Pullman Green,#3B331C,59,51,28,938
Pumpkin,#FF7518,255,117,24,939
Purple (HTML),#800080,128,0,128,940
Purple (Munsell),#9F00C5,159,0,197,941
Purple (X11),#A020F0,160,32,240,942
Purple Heart,#69359C,105,53,156,943
Purple mountain majesty,#9678B6,150,120,182,944
Purple navy,#4E5180,78,81,128,945
Purple pizzazz,#FE4EDA,254,78,218,946
Purple Plum,#9C51B6,156,81,182,947
Purple taupe,#50404D,80,64,77,948
Purpureus,#9A4EAE,154,78,174,949
Quartz,#51484F,81,72,79,950
Queen blue,#436B95,67,107,149,951
Queen pink,#E8CCD7,232,204,215,952
Quick Silver,#A6A6A6,166,166,166,953
Quinacridone magenta,#8E3A59,142,58,89,954
Rackley,#5D8AA8,93,138,168,955
Radical Red,#FF355E,255,53,94,956
Raisin black,#242124,36,33,36,957
Rajah,#FBAB60,251,171,96,958
Raspberry,#E30B5D,227,11,92,959
Raspberry glace,#915F6D,145,95,109,960
Raspberry pink,#E25098,226,80,152,961
Raspberry rose,#B3446C,179,68,108,962
Raw Sienna,#D68A59,214,138,89,963
Raw umber,#826644,130,102,68,964
Razzle dazzle rose,#FF33CC,255,51,204,965
Razzmatazz,#E3256B,227,37,107,966
Razzmic Berry,#8D4E85,141,78,133,967
Rebecca Purple,#663399,102,52,153,968
Red,#FF0000,255,0,0,969
Red (Crayola),#EE204D,238,32,77,970
Red (Munsell),#F2003C,242,0,60,971
Red (NCS),#C40233,196,2,51,972
Red (Pantone),#ED2939,237,41,57,973
Red (pigment),#ED1C24,237,28,36,974
Red (RYB),#FE2712,254,39,18,975
Red-brown,#A52A2A,165,42,42,976
Red devil,#860111,134,1,17,977
Red-orange,#FF5349,255,83,73,978
Red-purple,#E40078,228,0,120,979
Red Salsa,#FD3A4A,253,58,74,980
Red-violet,#C71585,199,21,133,981
Redwood,#A45A52,164,90,82,982
Regalia,#522D80,82,45,128,983
Registration black,#000000,0,0,0,984
Resolution blue,#002387,0,35,135,985
Rhythm,#777696,119,118,150,986
Rich black,#004040,0,64,64,987
Rich black (FOGRA29),#010B13,1,11,19,988
Rich black (FOGRA39),#010203,1,2,3,989
Rich brilliant lavender,#F1A7FE,241,167,254,990
Rich carmine,#D70040,215,0,64,991
Rich electric blue,#0892D0,8,146,208,992
Rich lavender,#A76BCF,167,107,207,993
Rich lilac,#B666D2,182,102,210,994
Rich maroon,#B03060,176,48,96,995
Rifle green,#444C38,68,76,56,996
Roast coffee,#704241,112,66,65,997
Robin egg blue,#00CCCC,0,204,204,998
Rocket metallic,#8A7F80,138,127,128,999
Roman silver,#838996,131,137,150,1000
Rose,#FF007F,255,0,127,1001
Rose bonbon,#F9429E,249,66,158,1002
Rose Dust,#9E5E6F,158,94,111,1003
Rose ebony,#674846,103,72,70,1004
Rose gold,#B76E79,183,110,121,1005
Rose madder,#E32636,227,38,54,1006
Rose pink,#FF66CC,255,102,204,1007
Rose quartz,#AA98A9,170,152,169,1008
Rose red,#C21E56,194,30,86,1009
Rose taupe,#905D5D,144,93,93,1010
Rose vale,#AB4E52,171,78,82,1011
Rosewood,#65000B,101,0,11,1012
Rosso corsa,#D40000,212,0,0,1013
Rosy brown,#BC8F8F,188,143,143,1014
Royal azure,#0038A8,0,56,168,1015
Royal blue,#002366,0,35,102,1016
Royal blue,#4169E1,65,105,225,1017
Royal fuchsia,#CA2C92,202,44,146,1018
Royal purple,#7851A9,120,81,169,1019
Royal yellow,#FADA5E,250,218,94,1020
Ruber,#CE4676,206,70,118,1021
Rubine red,#D10056,209,0,86,1022
Ruby,#E0115F,224,17,95,1023
Ruby red,#9B111E,155,17,30,1024
Ruddy,#FF0028,255,0,40,1025
Ruddy brown,#BB6528,187,101,40,1026
Ruddy pink,#E18E96,225,142,150,1027
Rufous,#A81C07,168,28,7,1028
Russet,#80461B,128,70,27,1029
Russian green,#679267,103,146,103,1030
Russian violet,#32174D,50,23,77,1031
Rust,#B7410E,183,65,14,1032
Rusty red,#DA2C43,218,44,67,1033
Sacramento State green,#00563F,0,86,63,1034
Saddle brown,#8B4513,139,69,19,1035
Safety orange,#FF7800,255,120,0,1036
Safety orange (blaze orange),#FF6700,255,103,0,1037
Safety yellow,#EED202,238,210,2,1038
Saffron,#F4C430,244,196,48,1039
Sage,#BCB88A,188,184,138,1040
St. Patrick's blue,#23297A,35,41,122,1041
Salmon,#FA8072,250,128,114,1042
Salmon pink,#FF91A4,255,145,164,1043
Sand,#C2B280,194,178,128,1044
Sand dune,#967117,150,113,23,1045
Sandstorm,#ECD540,236,213,64,1046
Sandy brown,#F4A460,244,164,96,1047
Sandy Tan,#FDD9B5,253,217,181,1048
Sandy taupe,#967117,150,113,23,1049
Sangria,#92000A,146,0,10,1050
Sap green,#507D2A,80,125,42,1051
Sapphire,#0F52BA,15,82,186,1052
Sapphire blue,#0067A5,0,103,165,1053
Sasquatch Socks,#FF4681,255,70,129,1054
Satin sheen gold,#CBA135,203,161,53,1055
Scarlet,#FF2400,255,36,0,1056
Scarlet,#FD0E35,253,14,53,1057
Schauss pink,#FF91AF,255,145,175,1058
School bus yellow,#FFD800,255,216,0,1059
Screamin' Green,#66FF66,102,255,102,1060
Sea blue,#006994,0,105,148,1061
Sea Foam Green,#9FE2BF,195,226,191,1062
Sea green,#2E8B57,46,139,87,1063
Sea Serpent,#4BC7CF,75,199,207,1064
Seal brown,#59260B,50,20,20,1065
Seashell,#FFF5EE,255,245,238,1066
Selective yellow,#FFBA00,255,186,0,1067
Sepia,#704214,112,66,20,1068
Shadow,#8A795D,138,121,93,1069
Shadow blue,#778BA5,119,139,165,1070
Shampoo,#FFCFF1,255,207,241,1071
Shamrock green,#009E60,0,158,96,1072
Sheen Green,#8FD400,143,212,0,1073
Shimmering Blush,#D98695,217,134,149,1074
Shiny Shamrock,#5FA778,95,167,120,1075
Shocking pink,#FC0FC0,252,15,192,1076
Shocking pink (Crayola),#FF6FFF,255,111,255,1077
Sienna,#882D17,136,45,23,1078
Silver,#C0C0C0,192,192,192,1079
Silver chalice,#ACACAC,172,172,172,1080
Silver Lake blue,#5D89BA,93,137,186,1081
Silver pink,#C4AEAD,196,174,173,1082
Silver sand,#BFC1C2,191,193,194,1083
Sinopia,#CB410B,203,65,11,1084
Sizzling Red,#FF3855,255,56,85,1085
Sizzling Sunrise,#FFDB00,255,219,0,1086
Skobeloff,#007474,0,116,116,1087
Sky blue,#87CEEB,135,206,235,1088
Sky magenta,#CF71AF,207,113,175,1089
Slate blue,#6A5ACD,106,90,205,1090
Slate gray,#708090,112,128,144,1091
Smalt (Dark powder blue),#003399,0,51,153,1092
Slimy Green,#299617,41,150,23,1093
Smashed Pumpkin,#FF6D3A,255,109,58,1094
Smitten,#C84186,200,65,134,1095
Smoke,#738276,115,130,118,1096
Smokey Topaz,#832A0D,131,42,34,1097
Smoky black,#100C08,16,12,8,1098
Smoky Topaz,#933D41,147,61,65,1099
Snow,#FFFAFA,255,250,250,1100
Soap,#CEC8EF,206,200,239,1101
Solid pink,#893843,137,56,67,1102
Sonic silver,#757575,117,117,117,1103
Spartan Crimson,#9E1316,158,19,22,1104
Space cadet,#1D2951,29,41,81,1105
Spanish bistre,#807532,128,117,50,1106
Spanish blue,#0070B8,0,112,184,1107
Spanish carmine,#D10047,209,0,71,1108
Spanish crimson,#E51A4C,229,26,76,1109
Spanish gray,#989898,152,152,152,1110
Spanish green,#009150,0,145,80,1111
Spanish orange,#E86100,232,97,0,1112
Spanish pink,#F7BFBE,247,191,190,1113
Spanish red,#E60026,230,0,38,1114
Spanish sky blue,#00FFFF,0,255,255,1115
Spanish violet,#4C2882,76,40,130,1116
Spanish viridian,#007F5C,0,127,92,1117
Spicy mix,#8B5f4D,139,95,77,1118
Spiro Disco Ball,#0FC0FC,15,192,252,1119
Spring bud,#A7FC00,167,252,0,1120
Spring Frost,#87FF2A,135,255,42,1121
Spring green,#00FF7F,0,255,127,1122
Star command blue,#007BB8,0,123,184,1123
Steel blue,#4682B4,70,130,180,1124
Steel pink,#CC33CC,204,51,204,1125
Steel Teal,#5F8A8B,95,138,139,1126
Stil de grain yellow,#FADA5E,250,218,94,1127
Stizza,#990000,153,0,0,1128
Stormcloud,#4F666A,79,102,106,1129
Straw,#E4D96F,228,217,111,1130
Strawberry,#FC5A8D,252,90,141,1131
Sugar Plum,#914E75,145,78,117,1132
Sunburnt Cyclops,#FF404C,255,64,76,1133
Sunglow,#FFCC33,255,204,51,1134
Sunny,#F2F27A,242,242,122,1135
Sunray,#E3AB57,227,171,87,1136
Sunset,#FAD6A5,250,214,165,1137
Sunset orange,#FD5E53,253,94,83,1138
Super pink,#CF6BA9,207,107,169,1139
Sweet Brown,#A83731,168,55,49,1140
Tan,#D2B48C,210,180,140,1141
Tangelo,#F94D00,249,77,0,1142
Tangerine,#F28500,242,133,0,1143
Tangerine yellow,#FFCC00,255,204,0,1144
Tango pink,#E4717A,228,113,122,1145
Tart Orange,#FB4D46,251,77,70,1146
Taupe,#483C32,72,60,50,1147
Taupe gray,#8B8589,139,133,137,1148
Tea green,#D0F0C0,208,240,192,1149
Tea rose,#F88379,248,131,121,1150
Tea rose,#F4C2C2,244,194,194,1151
Teal,#008080,0,128,128,1152
Teal blue,#367588,54,117,136,1153
Teal deer,#99E6B3,153,230,179,1154
Teal green,#00827F,0,130,127,1155
Telemagenta,#CF3476,207,52,118,1156
Tenné (tawny),#CD5700,205,87,0,1157
Terra cotta,#E2725B,226,114,91,1158
Thistle,#D8BFD8,216,191,216,1159
Thulian pink,#DE6FA1,222,111,161,1160
Tickle Me Pink,#FC89AC,252,137,172,1161
Tiffany Blue,#0ABAB5,10,186,181,1162
Tiger's eye,#E08D3C,224,141,60,1163
Timberwolf,#DBD7D2,219,215,210,1164
Titanium yellow,#EEE600,238,230,0,1165
Tomato,#FF6347,255,99,71,1166
Toolbox,#746CC0,116,108,192,1167
Topaz,#FFC87C,255,200,124,1168
Tractor red,#FD0E35,253,14,53,1169
Trolley Grey,#808080,128,128,128,1170
Tropical rain forest,#00755E,0,117,94,1171
Tropical violet,#CDA4DE,205,164,222,1172
True Blue,#0073CF,0,115,207,1173
Tufts Blue,#3E8EDE,62,142,222,1174
Tulip,#FF878D,255,135,141,1175
Tumbleweed,#DEAA88,222,170,136,1176
Turkish rose,#B57281,181,114,129,1177
Turquoise,#40E0D0,64,224,208,1178
Turquoise blue,#00FFEF,0,255,239,1179
Turquoise green,#A0D6B4,160,214,180,1180
Turquoise Surf,#00C5CD,0,197,205,1181
Turtle green,#8A9A5B,138,154,91,1182
Tuscan,#FAD6A5,250,214,165,1183
Tuscan brown,#6F4E37,111,78,55,1184
Tuscan red,#7C4848,124,72,72,1185
Tuscan tan,#A67B5B,166,123,91,1186
Tuscany,#C09999,192,153,153,1187
Twilight lavender,#8A496B,138,73,107,1188
Tyrian purple,#66023C,102,2,60,1189
UA blue,#0033AA,0,51,170,1190
UA red,#D9004C,217,0,76,1191
Ube,#8878C3,136,120,195,1192
UCLA Blue,#536895,83,104,149,1193
UCLA Gold,#FFB300,255,179,0,1194
UFO Green,#3CD070,60,208,112,1195
Ultramarine,#3F00FF,18,10,143,1196
Ultramarine blue,#4166F5,65,102,245,1197
Ultra pink,#FF6FFF,255,111,255,1198
Ultra red,#FC6C85,252,108,133,1199
Umber,#635147,99,81,71,1200
Unbleached silk,#FFDDCA,255,221,202,1201
United Nations blue,#5B92E5,91,146,229,1202
University of California Gold,#B78727,183,135,39,1203
Unmellow yellow,#FFFF66,255,255,102,1204
UP Forest green,#014421,1,68,33,1205
UP Maroon,#7B1113,123,17,19,1206
Upsdell red,#AE2029,174,32,41,1207
Urobilin,#E1AD21,225,173,33,1208
USAFA blue,#004F98,0,79,152,1209
USC Cardinal,#990000,153,0,0,1210
USC Gold,#FFCC00,255,204,0,1211
University of Tennessee Orange,#F77F00,247,127,0,1212
Utah Crimson,#D3003F,211,0,63,1213
Van Dyke Brown,#664228,102,66,40,1214
Vanilla,#F3E5AB,243,229,171,1215
Vanilla ice,#F38FA9,243,143,169,1216
Vegas gold,#C5B358,197,179,88,1217
Venetian red,#C80815,200,8,21,1218
Verdigris,#43B3AE,67,179,174,1219
Vermilion,#E34234,227,66,52,1220
Vermilion,#D9381E,217,56,30,1221
Veronica,#A020F0,160,32,240,1222
Very light azure,#74BBFB,116,187,251,1223
Very light blue,#6666FF,102,102,255,1224
Very light malachite green,#64E986,100,233,134,1225
Very light tangelo,#FFB077,255,176,119,1226
Very pale orange,#FFDFBF,255,223,191,1227
Very pale yellow,#FFFFBF,255,255,191,1228
Violet,#8F00FF,143,0,255,1229
Violet (color wheel),#7F00FF,127,0,255,1230
Violet (RYB),#8601AF,134,1,175,1231
Violet (web),#EE82EE,238,130,238,1232
Violet-blue,#324AB2,50,74,178,1233
Violet-red,#F75394,247,83,148,1234
Viridian,#40826D,64,130,109,1235
Viridian green,#009698,0,150,152,1236
Vista blue,#7C9ED9,124,158,217,1237
Vivid amber,#CC9900,204,153,0,1238
Vivid auburn,#922724,146,39,36,1239
Vivid burgundy,#9F1D35,159,29,53,1240
Vivid cerise,#DA1D81,218,29,129,1241
Vivid cerulean,#00AAEE,0,170,238,1242
Vivid crimson,#CC0033,204,0,51,1243
Vivid gamboge,#FF9900,255,153,0,1244
Vivid lime green,#A6D608,166,214,8,1245
Vivid malachite,#00CC33,0,204,51,1246
Vivid mulberry,#B80CE3,184,12,227,1247
Vivid orange,#FF5F00,255,95,0,1248
Vivid orange peel,#FFA000,255,160,0,1249
Vivid orchid,#CC00FF,204,0,255,1250
Vivid raspberry,#FF006C,255,0,108,1251
Vivid red,#F70D1A,247,13,26,1252
Vivid red-tangelo,#DF6124,223,97,36,1253
Vivid sky blue,#00CCFF,0,204,255,1254
Vivid tangelo,#F07427,240,116,39,1255
Vivid tangerine,#FFA089,255,160,137,1256
Vivid vermilion,#E56024,229,96,36,1257
Vivid violet,#9F00FF,159,0,255,1258
Vivid yellow,#FFE302,255,227,2,1259
Volt,#CEFF00,205,255,0,1260
Wageningen Green,#34B233,52,178,51,1261
Warm black,#004242,0,66,66,1262
Waterspout,#A4F4F9,164,244,249,1263
Weldon Blue,#7C98AB,124,152,171,1264
Wenge,#645452,100,84,82,1265
Wheat,#F5DEB3,245,222,179,1266
White,#FFFFFF,255,255,255,1267
White smoke,#F5F5F5,245,245,245,1268
Wild blue yonder,#A2ADD0,162,173,208,1269
Wild orchid,#D470A2,212,112,162,1270
Wild Strawberry,#FF43A4,255,67,164,1271
Wild watermelon,#FC6C85,252,108,133,1272
Willpower orange,#FD5800,253,88,0,1273
Windsor tan,#A75502,167,85,2,1274
Wine,#722F37,114,47,55,1275
Wine dregs,#673147,103,49,71,1276
Winter Sky,#FF007C,255,0,124,1277
Winter Wizard,#A0E6FF,160,230,255,1278
Wintergreen Dream,#56887D,86,136,125,1279
Wisteria,#C9A0DC,201,160,220,1280
Wood brown,#C19A6B,193,154,107,1281
Xanadu,#738678,115,134,120,1282
Yale Blue,#0F4D92,15,77,146,1283
Yankees blue,#1C2841,28,40,65,1284
Yellow,#FFFF00,255,255,0,1285
Yellow (Crayola),#FCE883,252,232,131,1286
Yellow (Munsell),#EFCC00,239,204,0,1287
Yellow (NCS),#FFD300,255,211,0,1288
Yellow (Pantone),#FEDF00,254,223,0,1289
Yellow (process),#FFEF00,255,239,0,1290
Yellow (RYB),#FEFE33,254,254,51,1291
Yellow-green,#9ACD32,154,205,50,1292
Yellow Orange,#FFAE42,255,174,66,1293
Yellow rose,#FFF000,255,240,0,1294
Yellow Sunshine,#FFF700,255,247,0,1295
Zaffre,#0014A8,0,20,168,1296
Zinnwaldite brown,#2C1608,44,22,8,1297
Zomp,#39A78E,57,167,142,1298
